sentence,label
"Proszę państwa, krótka piłka, pytanie do pana i pytanie do naszych słuchaczy, czy Polska powinna wycofać się z Zielonego Ładu, tak czy nie?",NF
Dlaczego spółka CPK nie złożyła do tej pory dwóch istotnych wniosków o dofinansowanie z programu CEF na odcinek kolei Łódź Warszawa oraz na węzeł kolejowy.,FR
Sporo widzę zastrzeżeń do działań nowego rządu.,NF
"Wszystko wskazuje na to, że eurokraci jadą walcem i swoimi regulacjami stawiają w uprzywilejowanej pozycji wielkie międzynarodowe agroholdingi.",FNR
"Ale czemu na przykład nie powiemy o dobrach jeszcze bardziej podstawowych, jak na przykład żywność, która jest towarem?",NF
Jakie stanowisko prezentuje państwa komitet?,NF
"A dziś się mówi o tym, że zboże zostaje w Polsce, że z Litwy z powrotem wraca.",FNR
Musielibyśmy znaleźć jakiś dodatkowy miliard złotych w budżecie Warszawy.,FNR
"To trzeba zatrzymać używając siły tak jak robi to Australia – straż graniczna ma tam prawo używać siły, żeby zawrócić łodzie.",FR
"DONALD TUSK, KOALICJA OBYWATELSKA: Tak się zastanawiam, Mateusz, co się stało.",NF
To jest daleko posunięta ta szczerość.,NF
Pakt zakłada uznaniowe i czasowe zwolnienie państw z opłaty i przyjęcia migrantów.,FR
"Ja akurat mieszkam na Bemowie i przez wiele lat, ze świętej pamięci panią radną Olgą Johan, radną Prawa i Sprawiedliwości, pracowaliśmy nad tym, że w naszej okolicy było za dużo takich sklepów i w pewnym momencie udało się ograniczyć liczbę tych sklepów, niekoniecznie wprowadzając prohibicję.",FNR
"Pamiętacie państwo sytuację, kiedyś była taka, chyba 2 lata temu.",NF
"Sławomir Mensen, lider Konfederacji, jest moim gościem.",NF
"Mówię nawet również o opozycji, o dzisiejszą koalicję, zawsze był to prawnik.",NF
Pakiet unijny zmuszający Polskę do przyjmowania nielegalnych imigrantów należy odrzucić.,FR
"Wiele małżeństw, które łączy kredyt hipoteczny na mieszkanie.",NF
"Mamy też tutaj przystawki tych partii, które nie są prawdziwą alternatywą.",FR
"Nasi poprzednicy krytykowali rząd PO-PSL, rządzący do 2015 r., za długie kolejki do lekarzy.",FNR
"Tak nawet jeśli prywatni właściciele wymieniać się będą wolniej, ale tych dni, w których powietrze jest zagrażające zdrowiu, jest coraz mniej we Wrocławiu właśnie przez to, że mieliśmy też szczęśliwą zimę pod tym kątem, bo było dużo wiatrów, dużo opadów.",FR
Równie dobrze można dyskutować o jakości elektrycznych aut Izera.,NF
"Jeżeli chcecie polityki wolnej od kłótni, od tego przezywania siebie nawzajem, głosujcie na lewicę, Jeżeli chcecie Polski dla wszystkich, żebyśmy wszyscy czuli się w niej dobrze, głosujcie na lewicę.",NF
"Jeżeli chodzi o prywatyzację, to oczywiście Lewica jest przeciw wyprzedaży majątku polskiego.",FNR
Jednocześnie np. Kancelarii Prezydenta w żaden sposób tych środków nie zwiększył .,FR
"To płacz dzieci i matek, to tragedie i łzy.",NF
Ono wjeżdża normalnie do Europy.,FNR
Kapitalizm prowadzi do akumulacji kapitału i powinniśmy walczyć z monopolami.,FNR
W tej chwili w Polsce hodowla trzody chlewnej jest na poziomie spożycia mniej niż 50 proc.,FR
"A przypomnijmy, że kilka miesięcy wcześniej premier Tusk bardzo aktywnie krytykował premiera Morawieckiego, jakoby te wydatki na Kancelarię Premiera były zbyt duże.",FNR
A w tej chwili rozstrzygnęliśmy przecież przetarg na budowę kolejnego takiego zespołu dla 1200 dzieciaków na ulicy Zwycięskiej na południu Wrocławia.,FNR
"No to, o jakiej my historii wspólnej mówimy?",NF
"Troska o naturę i zdrowie mieszkańców myślę, że łączy nas wszystkich.",NF
"Moja mama, gdzieś jest moja, moja siostra, moja córka.",NF
"Ale to nie tylko takie wielkie, spektakularne projekty, to chociażby codzienna współpraca z lokalnymi księgarzami, polityka czynszowa, która pozwala właśnie w miejskich lokalach o obniżonym czynszu prowadzić lokalne księgarnie.",NF
Dziś Polska nie ma ustawy o obronie cywilnej.,FR
"Doszło do olbrzymiej tragedii na terenie, ale do tego nie chcę wracać.",FNR
"Oni generalnie nie głosowali za tą uchwałą, czyli nie popierali odejścia od węgla.",FNR
"Na temat samego lotniska analizy robił też rząd Sojuszu Lewicy Demokratycznej, każdy znajdzie tam coś dla siebie.",NF
"My bronimy kapitalizmu przed kapitalistami takimi jak wy, którzy chcą, żeby dobro, jakim jest mieszkanie, było tylko dla bogatych.",FNR
"Kolejna bardzo ważna potrzeba, potrzeba, która wychodzi także naprzeciw równemu traktowaniu wszystkich.",NF
"Kobiety, ja wiem, że wczoraj było nasze święto, która z was jeszcze tego nie zrobiła, to są moje właśnie dla was życzenia i prośba: dbajcie o siebie i o zdrowie, bo my nie zrealizujemy tego programu bez aktywnych kobiet.",NF
"Rok temu w rządzie PiS było parę mniej, było poniżej 110.",FNR
"Jest tak, że przez kilka lat będziemy się przygotowywali do jej wdrażania, będą wchodziły kolejne etapy, które będą ograniczały wjazd do określonych stref w mieście, tych najbardziej trujących samochodów z silnikami, przede wszystkim diesla.",FNR
"Ja się nie chcę odnosić do programu innych kandydatów, będziemy o tym dyskutować w debatach.",NF
"Właśnie to, co wspomniałem, strefa czystego transportu, zwężanie ulic, strefa Tempo 30, nowe płatne parkingi, tak jak u mnie na Saskiej Kępie, to był naprawdę temat bardzo palący, pod którym się pod petycjami w tych sprawach podpisywały tysiące obywateli Warszawy.",FNR
"A niestety wiemy, że w Polsce z tym zmaga się setki tysięcy, jeśli nie miliony ludzi.",FR
"Ale ja podkreślam tę niesamowitą, dla mnie liczbę, ponad 7,500 miejsc we wrocławskich przedszkolach.",FR
"Też potrzebujemy też potrzebujemy po prostu podatków, które jednak właśnie będą zachęcać tak do inwestowania na giełdzie tak jak powiedziałeś czy na przykład nie wiem jakaś kwota wolna od Belki czy jakiś innych zachęt.",NF
"Takie przykłady możecie widzieć chociażby tutaj, koło tego obiektu, jakim są Międzynarodowe Targi Gdańskie.",FNR
"Z jednej strony stworzenie furtki dla sprzedaży lasów, co forsowała koalicji PO-PSL.",FR
"Ycie w Polsce musi być lepsze, bardziej znośne.",NF
"To nasi koalicjanci z Miasta i Porozumienia dla Pragi o stowarzyszenia, które są na koalicji z Lewicą w tych wyborach samorządowych, zainicjowali tą dyskusję i my ich tutaj absolutnie popieramy.",FNR
"I niestety radni koalicji obywatelskiej nie chcieli podjąć tej kwestii i nie zostało rozpisane referendum i bez tak naprawdę wsłuchania się w głos mieszkańców, te decyzje zapadły pod koniec zeszłego roku.",FR
"Na skutki Laboratoriów Przyszłości trzeba chwilkę poczekać, chociaż już są.",FNR
"Rozumiem, że teraz już ich nie ma, prawda?",NF
"Więc jest to projekt, od którego nie uciekniemy.",NF
W sierpniu i należy do najniższych w Europie.,FR
Nasze miasto pod względem powierzchni ogólnej zieleni w przeliczeniu na jednego mieszkańca wyraźnie wyprzedza pozostałe miasta wojewódzkie.,FR
"Uważam, że staramy się robić wiele, żeby zachęcać ludzi do wymiany pieców.",FNR
Według doktryny Platformy Obywatelskiej Polska miała być podzielona Wisłą i po prawej stronie Wisły Polska miała nie być broniona.,FR
"Oczywiście i był dialog, oczywiście był dialog ze spółką, ale nie boi się pan, że nie złożenie tych dwóch wniosków to zaniechanie spowoduje, że nie będzie tych pieniędzy i stracimy kasę?",FNR
"Ale dla lewicy bezpieczna Polska to również Polska, w której jeśli chcesz przejść szkolenie wojskowe, to je przechodzisz, ale nikt nikogo na siłę nie wrzuca w kamasze.",NF
I żaden żołnierz i funkcjonariusz nie będzie musiał już ryzykować życia na partyjnych festiwalach.,NF
"Z nami reporter Radia Z, Daniel Wrzos.",NF
"Musimy sobie to omówić z Grzegorzem Braunem, ponieważ zupełnie na pierwszy rzut oka widać, że mamy w tym momencie różne koncepcje, których spory rozwiązuje za pomocą gaśnicy.",NF
"Trwa śledztwo, wiele osób zostało aresztowanych łącznie z rektorem tejże uczelni.",FR
"KRZYSZTOF BOSAK, KONFEDERACJA: Obecny poziom świadczeń społecznych, który jest bardzo rozbudowany, wspólnie głosowały za nim wszystkie partie, jest sfinansowany z długu.",FNR
"Wypowiadali się podczas debaty przy punkcie informacja o działalności Rzecznika Praw Obywatelskich, skierowaliśmy takie pytanie.",FR
"A czy to czy to nie jest tak, że to referendum to jest takie pójście trochę na łatwiznę władz?",NF
"Powinien być odwieszony, klub zdecydował jednogłośnie, że powinien być odwieszony.",FNR
Właśnie ogłosiliśmy przetarg na jej projektowanie.,FNR
"Powiedziałem, że będziemy budować i budujemy.",FNR
"Pan Joński i Szczerba nie znają przepisów, nie znają ustawy o komisji śledczej, nie znają Kodeksu Postępowania Karnego i mnóstwo błędów, potyczek różnych dzieje się tylko dlatego, że oni prawa nie znają.",FNR
"Nie, bo ja teraz mi się trochę śmiało, ponieważ o tym, jak to nikomu z nieba nie spadają mieszkania, to sąsiadka pana Zaorskiego z bloku opowiedziała, jak to jest i jak to ciężko pracą ludzie dorabiają się swoich mieszkań, z których potem jej rodzice rozumiem za pracowali.",FNR
98 procent mieszkań w Polsce jest budowanych przez prywatne firmy czy przez ludzi.,FR
"To decyzja podjęta już w tej kadencji przez Radę Miasta Gdańska, przez moich współpracowników, wreszcie przeze mnie.",FNR
"Dlatego, bo się boją, bo jest taka przesadzona ochrona lokatorów, że jak ktoś nie płaci, co?",FNR
Na przykład składka emerytalna będzie im się doliczała do świadczenia.,NF
"Natomiast, rzeczywiście, osoby, które mają problem z uzależnieniami, miasto powinno prowadzić tutaj aktywną politykę też kreowania takich właściwych postaw.",NF
"Brakuje nam w tym momencie prawie 30 tys. nauczycieli, w samej Warszawie jest to ponad 4 tys. Zgodnie z orzeczeniem Europejskiego Trybunału Praw Człowieka CaseJalloh v. Germany, przymusowe karmienie osadzonego rurką przez nos jest torturą.",FR
"Tamowanie niedoborów na rynku pracy migracją przyniesie nam problemy – wszyscy zdają sobie z tego sprawę, ale nikt nie ma odwagi powiedzieć, że trzeba wprowadzić rozporządzenie limitujące napływ migrantów do Polski.",FNR
Rafał Trzaskowski w 2018 roku obiecywał budowę 1 500 mieszkań rocznie.,FR
"Wybudowaliśmy szkołę na Asfaltowej dla 1200 dzieci, kończymy szkołę na Cynamonowej.",FNR
"Bo oprócz samej prohibicji, możemy też dyskutować na temat tak zwanych limitów zezwoleń na sprzedaż alkoholu.",NF
Tak samo tramwaje i tak samo nowe miejsca w szkołach i przedszkolach są potrzebne.,NF
"Bezpieczna Polska to Polska, w której rząd wie, że wróg jest na Wschodzie, a nie na Zachodzie.",NF
"Ale proszę pamiętać, że gdybyśmy tak do tego podchodzili, to po co w ogóle weryfikacja takich wniosków?",NF
"Gdyby odeszli, bylibyście bez wicemarszałka i tak dalej, i tak dalej.",FNR
Czy na przykład pójdziemy do wyborów razem?,NF
"Weźmy tylko kwestię, chociażby tego dwutlenku węgla z przemysłu i z wulkanów.",NF
Teraz przez 7 lat i niespełna 3 kwartały jest to kwota ok. 87 mld zł.,FR
"I powiem szczerze, że trochę z zażenowaniem patrzę na to, jak zachowuje się dzisiaj premier Mateusz Morawiecki.",NF
Bezpieczna Polska to także bezpieczeństwo ruchu drogowego.,NF
"JOANNA SCHEURING-WIELGUS, NOWA LEWICA: Szanowni Państwo, prawda jest taka, że Polska jest krajem, który najciężej pracuje w Europie.",FNR
"Koncepcja przeciwna reprezentowana przez rządzących zakłada obronę całego terytorium Polski, zbudowanie 100 tysięcznej armii, uzbrojonej w najnowocześniejszy sprzęt w tym m.in.",FR
"No tak, tylko brak ekologicznych środków jest powodem chorób płuc, nowotworów, chorób, nie jest ideologia.",FR
Nikt nie zmusi nas do przyjmowania uchodźców wbrew naszej woli.,FR
"Wyrównujmy poziom życia, na przykład edukacji.",NF
"To nie może być tak, że polski podatnik finansuje Ukraińcom 500 plus, 800 plus, bezpieczny kredyt 2%, 300+ dla dzieci, za dużo tego.",FNR
"Pierwsze mają być za dwa lata, związane z decyzją czy będzie możliwość realizacji pod względem geologicznym i tak dalej.",NF
"Tam mamy, można powiedzieć, każdy, kto chciał, może serwować alkohol.",FR
"Więc dlatego zaczęliśmy prace przygotowawcze do projektu i potem zobaczymy, jakie będą przepływy pasażerów.",FNR
"Nagle chce robić jakąś aplikację, swoją wymyślił, za pomocą której można zgłaszać problemy w Warszawie, a my taką aplikację już dawno mamy.",FR
"Gdy tylko weszliśmy do ministerstwa, musieliśmy błyskawicznie działać, żeby można było od 1 stycznia 2024 r. organizować pochówek zmarłym.",NF
"Jeżeli się uaktywni, to mamy kolejną katastrofę klimatyczną.",FR
Ustawa została zawetowana przez prezydenta Dudę w 2015 r.. Ta sprawa jest przedmiotem sporu w Polsce.,FR
Rząd Platformy Obywatelskiej wyprzedał majątek narodowy za 58 miliardów.,FR
"Ono było pilnowane, aż wyjedzie za granicę.",FNR
Arabia Saudyjska zapłaciła za Rafinerię Gdańską to dwa razy mniej niż za piłkarza Ronaldo?,FR
"Widzi pani poseł, to po co likwidować plany budowy CPK, po co wprowadzać takie kredyty?",NF
"Rozumiem, że te ograniczenie instytucjonalne w tym wypadku to również arytmetyka.",NF
Jaki jest państwa pogląd na utrzymanie programów społecznych?,NF
"Z jednej strony, to jak wiecie, kończąca się już budowa nowoczesnej elektrociepłowni, czyli portu czystej energii, w tej kończącej się kadencji największego projektu także współfinansowanego przez Unię Europejską, ale to także ciągła edukacja, wspieranie właśnie rozwoju alternatywnych źródeł energii po to, żeby mogła zasilać naszą komunikację ...publiczną, ale także obiekty edukacyjne.",FNR
Adna inna formacja nie ma takiego przelicznika.,FR
"Zobaczcie, jaka gigantyczna, ale przede wszystkim, ale także kameralna, bo udało się zachować tę kameralność tego miejsca, nowoczesna szkoła.",NF
"Istotą tego wszystkiego jest to, że wyceny powinny być przeprowadzone w sposób niezależny od spółki.",FNR
"Nagle polskie państwo mówi nastolatkom: „jedzcie, możecie, nie ograniczajcie się”.",FR
"To, co jest ważne z punktu widzenia użytkowników transportu publicznego, to jest to, czy ten transport jest godny zaufania, czyli czy mogą się spodziewać, że jak jest autobus w rozkładzie, czy to ten autobus będzie czy nie będzie.",FNR
"Natomiast prawda jest taka, że przed wojną 90 proc. Żydów nie mówiło po polsku i nie płacili podatków w Polsce.",FR
"Będę czekał na was, w dowolnie wybranym miejscu.",NF
"I powodowało to, że to była uporządkowana praca człowieka, który zna przepisy.",NF
"Proszę sobie wyobrazić, jest pan inwestorem, kupuje pan nieruchomość, ma pan projekt, piękny budynek na ileś tam set mieszkań i czeka pan 5 lat.",NF
"Czy Konfederacja zgodzi się z tym, że ""no trudno, Braun jest, jaki jest, ale będziemy razem z nim szli""?",NF
"Ja zgłosiłem ten pomysł, on został przyjęty przez prezydenta i przez radnych i dziś jesteśmy jedynym miastem z takimi ulgami.",FR
"To dzisiaj też jedna z branży, można powiedzieć przemysłu, dzisiaj kultura, turystyka, przemysł czasu wolnego.",NF
Tylko 73% mężczyzn dożywa wieku emerytalnego.,FR
"Mają z czego schodzić deweloperzy, szczególnie że materiały budowlane, ceny materiałów budowlanych spadają.",FR
"Nas, Sławomira Mencena, i to środowisko, i jego, czyli braunowskie?",NF
"Trzeba to powiedzieć - nie ma bezpłatnej komunikacji, trzeba popatrzeć, kto płaci ostatecznie za koszty związane z komunikacją.",FNR
"Mamy najdrożej zdobyty mandat w parlamencie, bo prawie 100 tys. głosów na każdy nasz mandat przypada.",FR
"Tylko rozumiem, że po prostu chce wyrzucać na bruk ludzi bez procesu eksmisji.",NF
"Ale jak pan uważa, panie ministrze, dlaczego w takim razie, skoro ten system kaucyjny miał być taki prosty, dlaczego go rząd nie wprowadził?",FNR
"Bo to jest tak się mówi, a to są pieniądze, które leżą na ulicy.",NF
"Proszę sprzedać, wszyscy sąsiedzi już sprzedali, jak przyjdzie do wywłaszczeń, dostaniecie dużo mniej pieniędzy.",FNR
"Wszyscy posłowie partii Razem jasno w tej sprawie zabrali głos, nie powinno, nie powinno mieć miejsca takie sytuacje.",FNR
"Budować, jakby nie stały puste, na przykład, właśnie albo nie było ku... Jeżeli mi pozwolicie, więc pierwsza rzecz, jeżeli wprowadzicie wyższy podatek od wynajmu mieszkań, to czy więcej kapitału popłynie na ten rynek, czy mniej?",NF
"Potem trochę to zredukowano, 114 osób.",FNR
Która z koncepcji obrony RP jest bliższa państwa wizji politycznej?,NF
Ile trochę placówek powstało w tej ostatniej kadencji i teraz we wrześniu mają być kolejne trzy gotowe?,FNR
"Jak oceniacie pakt migracyjny, który zakłada przyjęcie przez państwa Unii Europejskiej – w tym Polskę – nieokreślonej dziś jasno liczby migrantów lub obowiązkowej opłaty solidarnościowej.",FR
Zostaje problem okolicznych gmin tak jak wszędzie.,NF
"W 2022 roku wszczęto 83196 procedur w związku z Niebieską Kartą, o tysiąc więcej niż rok wcześniej.",FR
W latach 2018–2023 więcej mieszkań czynszowych powstawało w Szczecinie niż w Warszawie.,FR
"Uważam, że tego rodzaju akcje nam oczywiście nie pomagają.",NF
To Sierociniec i właśnie w nim powstanie dom literatury.,NF
Taką interpelację zgłosiła pani poseł Paulina Matysiak z Lewicy.,FNR
Internetowa dogrywka Sędna Sprawy jeszcze przed nami.,NF
"No przyjeżdżali ludzie, gdzie na przykład mieli swój dom, który był warty 300, 400 tysięcy, a dostawali od rządu 150 000 za dom, bo miała być kolej szybkich szybkich prędkości i oni się na to nie godzili, bo co kupić za 150 000 w tamtych czasach rok 2018 jak była ta idea zaczęła powstawać.",FNR
"Jest wywiad Bogdana Święczkowskiego z 2016 roku, gdzie on mówi, że ta zmiana, według niego, powinna trwać dziesiątki lat i powinna być niezależna od tego, kto rządzi.",FR
"Mamy tą pigułkę czy tam tabletkę „dzień po”, która może być szkodliwa dla organizmu, która nie była badana na 15- i 16-latkach, która, wg producenta, nie powinna być zażywana przez ludzi poniżej 18. roku życia.",FR
"Przedsiębiorcy się zamykają, bo jest ogromna presja płacowa.",FR
"Jeśli nie istnieje synergia elektoratów i celów, to co nas łączy?",NF
Ile osób zostało wywłaszczonych przy tym projekcie ?,NF
Tramwaje się już właściwie nie wykolejają.,FR
"Tak samo, jak na przykład ze sprzedażą papierosów, ograniczenie widoczności, marketingu papierosów też sprawia, że mniej osób po nie sięga.",FNR
"Także jeszcze oczywiście ta wymiana, że tak powiem, przed nami.",NF
"Ja spotkałem się z takimi informacjami, że do Polski kilkanaście milionów ton zboża z Rosji wjechało.",FR
"Wybudowaliśmy, no właśnie trzy szkoły.",FNR
Kończymy radiową część naszej rozmowy.,NF
"Ale jeśli chodzi o te kolejne 300 zł, to pozwólcie, że najpierw sprawdzimy, czy rząd nie daje tego z waszych pieniędzy, albo co gorsza — zapożyczając się waszym kosztem.",NF
"Nie wystarczy dać 500 czy 800 zł, bo to zawsze zabraknie – czy na żłobek, czy na przedszkole, czy na przykład na korepetycje dla dziecka.",NF
Ile jest ministrów i wiceministrów w nowym rządzie?,NF
"Naprawdę widzę, że pan się kieruje pomysłami mojego konkurenta, a ja mam swoje pomysły.",NF
Przecież to właśnie w Warszawie powstał pierwszy darmowy program żłobków – 17 tys. miejsc.,FR
"Natomiast wydaje mi się, że ta argumentacja, jeżeli chodzi o liczbę, to ta argumentacja oczywiście się nie zmienia.",NF
"Część dochodzi, część nie; część jest z wadami, część nie; część jest poniżej umówionego standardu i tak dalej.",FR
I tu znowu podziękowanie dla moich współpracowników i mieszkańcom wielkie dzięki.,NF
"Zwiększył je o kolejne, kolejne miliony.",FR
Dlatego darmowy transport jest absurdalnym populizmem i będziemy to na pewno jako lewica blokowali.,NF
Bitwa pod Grunwaldem jest nieistotnym wydarzeniem historycznym o którym w polskiej szkole nie powinno być mowy.,NF
"Ja pytam poważnie, a jakby pan był, to jakby pan głosował?",NF
"Chciałbym zadać mojemu gościowi pytanie: czy zgadza się ze Sławomirem Mencenem, który mówił, ""znowu wyszliśmy na wariatów"", i mówił, że fakty są takie, że Grzegorz Braun zaszkodził Konfederacji?",NF
"Jeśli mówimy o budownictwie PRL-owskim, to jego kapitałochłonność, na przykład w porównaniu do Hiszpanii, była 6% w stosunku do 3%.",FR
"A myślę, że i oni by tutaj mogli tak prospołecznie do tego podejść.",NF
"Nie wiem, co prawda, jak wyglądało zawieszanie i odwieszanie, no ale jest taka procedura u nas, i już jest pełnoprawnym członkiem Konfederacji, znowu się kochamy.",NF
"Trwają prace nad tym, aby w Unii Europejskiej móc zakazać hodowli żywności na własne potrzeby.",FR
"Dzisiaj taki fajny komentarz czytałem w internecie, że rozdzielenie pana Jońskiego i Szczerby nie najlepiej im służy.",NF
"Do skupywanie całego chleba, ten tak.",NF
Pan dyplomatycznie nie wziął udziału w głosowaniu.,FNR
"Coś, co sprawi nam przyjemność, na przykład ktoś otworzy nowy kanał telewizyjny, ktoś zbuduje jakąś fabrykę, która wyprodukuje jakieś rzeczy, które lubimy, ktoś napisze grę komputerową.",NF
"Trzecia grupa postulatów, mówili o tym także nasi młodzi kandydaci na radnych, ale myślę, że dzisiaj każdy z nas to czuje, jak to jest bardzo, bardzo ważne.",NF
"Szczególnie ważne jest też to, by wszystkie zawody, które dla nas wszystkich pracują, były dobrze opłacane.",NF
"Te dwa wnioski, o których mówiliśmy, wykazywały się, tak jakby, niedostateczną dokumentacją, nie, znaczy bardzo niską dojrzałością projektu, nierealnymi harmonogramami i praktycznie na 100% brakiem możliwości zrealizowania tych otrzymanych środków w zakładanym czasie czy w zakładanym terminie.",FR
"Z drugiej strony trzeba zauważyć, że tylko 6 gmin w całym województwie małopolskim podjęło takie uchwały, więc naprawdę Oświęcim należy do liderów, jeżeli chodzi o kwestie związane z walką ze smogiem.",FR
Bardzo serdecznie dziękuję za to zaproszenie.,NF
"Czy to znaczy, że państwo teraz ma budować samochody elektryczne, bo jest ich za mało?",NF
"U mnie niedaleko na Stawskiej Kępie jest rzeczywiście taki punkt monopolowy, gdzie taka lokalna, powiedzmy w dużym cudzysłowie, elita, która lubi sobie biesiadować tam nocami, jest dużym utrapieniem rzeczywiście dla mieszkańców, jeśli chodzi o bezpieczeństwo, zwłaszcza dla rodzin, ale także komfort życia jest przez to zaburzony.",FNR
"Oświęcim 2030, natomiast ich stanowiska myślę, że będą podstawą do dyskusji pomiędzy kandydatami w debatach, które zapewne będą.",NF
"Jeden z takich... Tutaj machała do mnie przed chwilą Ewelina, Ewelina z Fundacji Omea Life.",NF
Państwo nie potrafi budować mieszkań.,NF
"Murem stoją za nimi aktywiści, powstała też specjalna petycja.",FNR
Premier Tusk rekomenduje powrót 5-procentowego podatku.,FNR
Ponadto sprzedał kapitałowi zagranicznemu znaczne części Lotosu.,FR
Było pilnowane.,FNR
To naprawdę będzie korzystne dla przytłaczającej większości.,NF
"Przy europejskich jest taka ordynacja, która jest najbardziej proporcjonalna i można powiedzieć: dostajesz dokładnie tyle mandatów, ile głosów wywalczyłeś, masz 5 proc., dostajesz 5 proc. mandatów.",FR
Wiadczenia socjalne PYTANIE PRACOWNIKÓW TVP: Na politykę społeczną ugrupowania patrzą na dwa sposoby.,NF
"KRZYSZTOF BOSAK, KONFEDERACJA: Polska musi być silna, Polska musi być uzbrojona, ale ktoś to wszystko musi jeszcze obsługiwać.",NF
"Przecież tutaj powstał także ogród deszczowy, i właśnie chcemy kontynuować ten program tr 10: 10 parków kieszonkowych, 10 ogrodów deszczowych i wreszcie, 10 mikrolasów miejskich.",FNR
"Taki mamy plan i nie będziemy zważali na nic, ...będziemy chcieli go zrealizować.",NF
Poprzednie rządy wyprowadzały dopłaty do kredytów.,FR
"Mam wrażenie, jakby od dawna nikt tu nie pracował, zupełnie nie przejmując się tym, że zdrowie dla każdego z nas naprawdę jest najważniejsze i że w Polsce żyjemy krócej o prawie sześć lat niż średnio w UE.",FR
"Pomysł po to, żebyśmy zwrócili uwagę, że jednak taka, no, nie jesteśmy jeszcze tak bogaci jak zachód, mimo obietnic tutaj pana prezesa Kaczyńskiego.",FNR
W trakcie tworzenia tych planów ograniczona została liczebność armii.,FNR
"A widzimy, że dopiero zamówiono kolejne zamówienie publiczne na kolejne studia wykonalności i że mamy dość duże opóźnienie, co najmniej 6-letnie, tak naprawdę.",FR
Debata o przerwaniu budowy CPK jest bez sensu.,NF
A dzięki latom zaniedbań rządu Prawa i Sprawiedliwości w stołecznej komendzie policji dalej mamy kilkaset wakatów.,FR
No i właśnie o tej prohibicji nocnej zaczniemy sobie rozmowę.,NF
Produkujemy zboża w Polsce łącznie ok. 35 mln ton.,FR
"My śledzimy, co się dzieje, oczekujemy na kolejne kroki, jeżeli one się zdarzą.",NF
"To jest konkurs, pamiętajmy, to jest konkurs.",FNR
"Trzeba się strasznie namęczyć z biurokracją, ze znalezieniem gruntu, ze znalezieniem firmy budowlanej.",NF
"To róbmy, to składajmy takie wnioski niezależnie od weryfikacji specjalistów.",NF
"Stowarzyszenie Ukraińskich Rolników mówi, że jest dokładnie 96 takich agroholdingów, które łącznie skupiają w sobie połowę ziemi rolnej na Ukrainie.",FR
"Tak, prędzej czy później na domach na Malediwach chyba wraca.",NF
Za co dostał pan ten wazon i ile on jest wart?,FNR
"Ale jeszcze więcej można by budować, gdyby nie wasze ograniczenia.",FNR
"Po pierwsze samo województwo małopolskie i władze Województwa Małopolskiego obecnie odeszły a od tej decyzji, przesunęły ją na kwiecień tego roku, jeżeli chodzi o likwidację kopciuchów, co uważam, było błędem.",FR
"No proszę mi powiedzieć, jeżeli to nie jest pewnego rodzaju zależność i patologia w takim sytuacji, kiedy mówimy o wycenie domów zakupywanych czy nieruchomości zakupowanych przez spółkę, no to ja nie wiem co to może być inaczej nazwane.",FNR
"Panie redaktorze, ale dzięki temu ograniczeniu, pokusa, żeby to robić częściej jest mniejsza.",FNR
"A po to, żeby promować PiS i cenzurować opozycję, jak to zrobił ostatnio, nie pozwalając nam, Lewicy, umieszczać ogłoszenia wyborczego.",FR
To nie jest to to nie jest trochę tego rodzaju argumentacji?,NF
Więc bo żadna jeszcze osoba nie została.,NF
Dzisiaj największym problemem Oświęcimia nie jest otwarte kąpielisko.,NF
"Wreszcie Góra Gradowa i Hevelianum, które widzimy, jak bardzo się zmienia, ale chcemy przywrócić świetność kolejnym obiektom znajdującym się w tym miejscu Gdańska, po to, żeby mogły służyć edukacji, nauce, ale także spędzaniu czasu wolnego.",NF
"Obiecał, że zrewitalizuje co najmniej pięć placów Warszawy.",FR
I ona nie będzie pochodziła tylko i wyłącznie z emisji dwutlenku węgla z powodu spalania tego węgla.,FR
Tchórze i dziwolągi nie mogą rządzić ojczyzną.,NF
"Komisja Europejska wycofała pieniądze dla 6 gmin, które przyjęły uchwały anty-LGBT.",FR
"I dzisiaj pierwszą linią metra jeździ, mniej więcej, o ile dobrze pamiętam według ostatnich danych, 50% więcej pasażerów niż zakładały analizy transportowe tej linii.",FR
"Od jakości przygotowania tych wniosków zależy prawdopodobieństwo, czy te środki się dostanie.",FNR
Wynagrodził z naddatkiem tym gminom z pieniędzy z Funduszu Sprawiedliwości.,FR
"Miłego weekendu życzymy państwu, myślę, że tu jesteśmy zgodni i zapraszamy do dalszej części tej rozmowy w RMF 24 i oczywiście cały czas w mediach społecznościowych.",NF
"Natomiast drugim elementem, który niestety tworzy ten smog w Warszawie, są samochody.",FNR
"Proponujemy darmowe obiady dla uczniów, darmową komunikację, co wyrówna poziom życia w regionach.",FNR
"Próbuje się tworzyć jakąś dyskusję, która moim zdaniem już jest zdecydowana i ze strony ludzi z Prawa i Sprawiedliwości - nie chcę tego sprowadzać wyłącznie się do polityki - jest próba podgrzewania tematów, które tak naprawdę nie są najistotniejsze z punktu widzenia Oświęcimia, naprawdę.",NF
"Swobodne wypowiedzi MATEUSZ MORAWIECKI, ZJEDNOCZONA PRAWICA: Przed nami najważniejsze wybory od lat.",NF
"I to, a nie czy transport jest darmowy czy nie, decyduje o tym, czy ludzie z niego korzystają czy nie.",FNR
"Nie tylko możemy mówić o ograniczeniu godzin sprzedaży, ale również o ograniczeniu liczby punktów docelowo, zmniejszając po prostu te limity, które uchwala rada Warszawy i które potem na podstawie których są wydawane zezwolenia na sprzedaż.",NF
"Inicjatywy, ale co ciekawe również informacje o księstwie Warszawskim z czasów wojen napoleońskich.",NF
"Ale czy państwo powinno interweniować, a jeśli tak, to w jaki sposób?",NF
"To tyle, co w województwie lubelskim I jeszcze nawet więcej.",FR
"To wszystko jest jak w dowcipie: “Dziadku, wojna się skończyła 20 lat temu”.",NF
"Po drugie, użytkownicy chcą mieć regularność, to znaczy chcą, żeby ten autobus przyjeżdżał w odpowiednich interwałach, a nie żebyśmy puszczali na przykład raz autobus dwie godziny rano, dwie godziny po południu.",FNR
Mówimy choćby o tym tunelu pod Łodzią na 85%.,FNR
To my go w ogóle nie robimy i olewamy to.,NF
PiS tej budowy przecież nawet nie zaczął.,FR
"Uznał, że lepszy termin na ich rozpatrywanie będzie po wyborach samorządowych.",FNR
"To otrzymujemy taki efekt społeczny rozwarstwienia społecznego, że mamy tych, którzy z racji tego, że już mają mieszkanie, z dużą łatwością mogą przy dobrej pensji odłożyć sobie na drugie albo wziąć sobie po prostu je w kredyt i spłacać ratę z tego.",FNR
"W niektórych resortach siedmiu wiceministrów, czy siedmioro viceministrów, bardzo dużo.",FNR
"W innych miastach jest 70 lat, u nas 65-latkowie jeżdżą komunikacją miejską bezpłatnie.",FR
Bardzo mocno potrzebujemy rozbudowy linii tramwajowych.,NF
Nie mieliśmy głosowania w sprawie wyrzucenia Grzegorza Brauna.,FNR
"Jak wyliczył nasz kandydat Marek Grochowicz, dziś w dzisiejszej Radzie Miasta Krakowa mamy 74 proc. mężczyzn, zaś 35 proc. radnych ma powyżej 65 lat.",FR
"To jest dokładnie tyle samo, ile jest ziemi ornej, rolnej w Polsce, w całej Polsce.",FR
"Dzisiejsze Długie Ogrody staną się zielonymi ogrodami, będą naturalnym przedłużeniem ulicy Długiej, Długiego Targu, Stągiewnej, właśnie aż do... Jesteśmy po pierwszych konsultacjach z mieszkańcami, interesariuszami tego projektu i konsekwentnie do jego realizacji doprowadzimy.",FNR
"I jeśli możemy z tym walczyć poprzez kreowanie dobrych postaw, to wydaje mi się, że byłby to dobry kierunek.",NF
"Musimy spełnić odpowiednie procedury, bo mamy rzekomo chorobę, która nazywa się bakteriozą ziemniaków, która występuje w całej Unii Europejskiej i przyjechała do Polski też z zagranicy.",FR
"Tylko 6 gmin w całym województwie małopolskim podjęło takie uchwały, więc naprawdę Oświęcim należy do liderów, jeżeli chodzi o kwestie związane z walką ze smogiem.",FR
"Są z nami także pracodawcy, wy wiecie doskonale, o czym ja mówię.",NF
"To są, to jest polityka, która była prowadzona przez lata i która nie przynosiła dobrych efektów dla rolnictwa, dla małych gospodarstw.",FNR
"Zaproponowałem, żebyśmy razem zrobili to od czerwca.",FNR
Dobrego dnia życzymy słuchaczom Radia Plus.,NF
"Zawsze na temat, o tym, co ważne dla Warszawy i Mazowsza.",NF
"A ważne są inne rzeczy: in vitro, bezpieczna szkoła, opłacalne rolnictwo, pojednanie narodowe.",NF
"Te partie wielokrotnie głosowały ze sobą, np.",FNR
Co zrobił Zbigniew Ziobro?,NF
"Wprowadził takie dopłaty PiS za swoich rządów w poprzednim roku i widzieliśmy, co się stało na rynku – wcale nie rozwiązują tego problemu.",FR
"Powtarzam, nasz wróg jest wrogiem zewnętrznym, nie wewnętrznym.",NF
Rozliczenie VAT w Polsce zajmuje trzy razy więcej niż średnia unijna.,FR
Każdego roku samo miasto sadzi ponad 1000 drzew.,FR
"Są teraz, i mało tego, posłowie partii Razem na ostatnim posiedzeniu Sejmu zajmowali w tej sprawie głos.",FNR
"To jedno zdanie, jutro o 18:30 w moim opocie będzie prezes Jarosław Kaczyński, serdecznie wszystkich zapraszam.",NF
"Ja rozumiem, że może tak być, tylko proszę, chyba nie warto mówić, że zostały wywłaszczone osoby, skoro jeszcze nikt nie został.",FNR
"Dzisiaj współce jest prowadzona kontrola przez Najwyższą Izbę Kontroli tego projektu, tego programu, programu dobrowolnych nabyć, bo są wątpliwości co do wycen, choćby, że one zostały zaniżone.",FNR
"Oczywiście, nie od powiedzmy drugiego mieszkania, bo faktycznie różne są sytuacje.",NF
"Dzisiaj osoby niepełnosprawne są chronione przed tego typu eksmisją na bruk, na bruk podkreślam, tak i matki w ciąży i matki z małymi dziećmi.",FR
Trzeba rozmawiać spokojnie o bezpieczeństwie.,NF
"Z jednej strony Prawo i Sprawiedliwość, z drugiej strony koalicja wojny z prezydentem.",NF
"Przepraszam najmocniej, kilka z nich już stworzyliśmy, kilka z nich już stworzyliśmy, choćby właśnie na obrzeżach powstającego właśnie Parku Południowego.",FNR
"Już teraz zapraszam bardzo serdecznie na scenę kandydatki i kandydatów na radnych, zarówno miejskich, jak i do sejmiku województwa.",NF
"I w tym momencie te osoby muszą płacić horendalne czynsze, i mamy gigantyczne rozwarstwienie społeczne.",FNR
Nie możemy.,NF
"Ostateczną decyzją premiera te środki zostały nam odmówione, więc kiedy dzisiaj ludzie z PiS-u mówią, że będą tworzyli nowe miejsca pracy, a kiedy była taka możliwość, nie zrobili nic, dosłownie nie zrobili nic, aby Oświęcim pozyskał pieniądze.",FR
"To dotyczy tylko pisemnych, dokładnie prac domowych, które często były takim przeniesieniem do domu tego, czego nauczyciel zdążył zrobić na lekcji.",FNR
"Nie, ale ja mówię poważnie, bo jeżeli tak jest, że łączą nas, że łączy nas tylko biznes, to jest pytanie, jak długo tak wytrzymamy.",NF
"Nie należy ich sprzedawać, nie należy ich prywatyzować.",NF
Ale ten problem w szczególności dotyka mężczyzn.,FNR
"Plus, państwo powinno interweniować, żeby dla wszystkich zrobić te same zasady i wymagać tych samych zasad od wszystkich.",NF
"Połączyliście Prokuratora Generalnego z Ministrem Sprawiedliwości po to, żeby mieć kontrolę nad prokuraturą i wprost o tym mówiliście.",FR
"Panowie premierzy sprowadzają dyskusję do PO i PiS-u, zachowują się jak Flip i Flap.",NF
"Jedyną prawdziwą alternatywą jest Konfederacja, która proponuje zmianę mentalną, zmianę jakościową.",NF
W Warszawie jest 6 razy więcej sklepów monopolowych niż w całej Szwecji.,FR
"Ja mówię o tym, że my już to przerabialiśmy.",FNR
"Jeżdżę bardzo często po Polsce, spotykam się z seniorami.",FNR
"Tu musimy dodać, że w całej Warszawie jest więcej punktów sprzedaży alkoholu niż w Szwecji.",FR
"A mamy z tym w Warszawie problem, co jakiś czas dochodzi do naprawdę oburzających incydentów.",FR
"Jarosław Juźwiak, kandydat do rady Warszawy, koalicja obywatelska, Oskar Szafarowicz, dojechaliśmy do końca przystanek w programie Zawsze na temat.",NF
"A jeżeli mówimy o polityce Prawa i Sprawiedliwości, to spójrzmy na sejm.",NF
"Pushbaki, lewica bardzo krytykowała, pani poseł, że przerzucane są osoby, które do Polski przechodziły z powrotem za granicę białoruską.",FR
"Więc mamy sytuację, w której ludzie po prostu parkują kapitał.",FNR
"Ale pan się połączył z kolei z panem posłem Jabłońskim i robicie to samo co za waszych czasów posłowie Szczerba i Joński, chodzicie i kontrolujecie.",FNR
"Jest nawet papież, któremu Obajtek w pandemii zawiózł wyposażenie ochronne, które miało trafić do polskich szpitali.",FR
"My proponujemy: jeśli się nie dostaniesz do lekarza na NFZ w określonym czasie, to państwo zwróci ci koszt prywatnej wizyty.",FNR
"To, co zostało dane, nie zostanie odebrane, ale będzie co roku waloryzowane.",NF
"Bo spółka nawet nie chciała przedstawić harmonogramu skróconego z 2030 roku do 2028, a specjaliści mówią, ale to jest nierealne, tego nie macie.",FR
"Ponosimy jako społeczeństwo, jako Polki i Polacy, ogromne koszty tego, że ten alkohol jest tak łatwo dostępny, także dla osób, które usiłują wychodzić z uzależnienia alkoholowego.",FR
"Bo ja wiem, pielęgniarka opiekuje się chorymi, budowlaniec buduje dom, ty spekulujesz, i co my z tego mamy?",NF
"A dziś się mówi o tym, że zboże zostaje w Polsce, że z Litwy z powrotem wraca.",FR
"Wie pan, panie redaktorze, między Jarosławem Kaczyńskim a Zbigniewem Ziobro, między Mateuszem Morawieckim a Ziobrą, też wielkiej miłości to nie było.",NF
"Będziemy oczywiście zabiegać o środki unijne, bo bez nich tego projektu nie zrealizujemy, ale to nie tylko kolej.",NF
Także wiele tych wątków pojawiało się w tych przemówch.,NF
"No i jeszcze w perspektywie na ludzi, którzy wyrośli w PRL-u, ich rodzice wyrośli w PRL-u.",NF
"Ten niemądry spór, który wywołał premier Izraela o praworządność, o sądy, doprowadził do słabości wewnętrznej kraju.",NF
"Wiek emerytalny pozostanie na tym samym poziomie, a my sprawimy ci co chcą, będą mogli pracować dłużej.",FNR
"Jeśli chodzi o rolnictwo, mamy saldo ujemne, ok. 656 mln euro.",FR
"Czyli mamy sytuację, która jest bardzo, to jest pytanie od razu, to jest pytanie do pana, panie Janie, i pytanie do panów, czy państwo powinno w tej sprawie interweniować?",NF
"Wszystkie dotychczasowe ekspertyzy, z jakimi mieliśmy okazję się zapoznać, stawiają pod znakiem zapytania zarówno dane wyjściowe, jak i dane końcowe, jeśli chodzi o tę inwestycję.",FR
"Wtedy lody kręciły mafie vatowskie, jak tylko mogły, a oni mówili pieniędzy nie ma i nie będzie.",FNR
"Powrót watu na żywność coraz bardziej realny, premier mówi o stawce 5%.",FNR
"Ale to także zmiana w tych dzielnicach, bo wokół przystanku w pomorskiej kolei metropolitalnej powstaną centra aktywności, miejsca pracy, miejsca spotkań, kawiarnie, restauracje, miejsca, gdzie mieszkańcy z różnych dzielnic będą mogli ze sobą się spotykać i spędzać czas.",NF
Dlatego proponujemy minimum 25 procent podwyżki dla wszystkich zawodów w budżetówce.,NF
"Cieszę się, że także dzisiaj jesteście tutaj razem z nami.",NF
"Daliśmy Polsce konstytucję, członkostwo w Unii Europejskiej, członkostwo w NATO.",FNR
A ile osób zostało wywłaszczonych przy tym projekcie?,NF
"Wie Pani o tym, że polscy rolnicy stosują znacznie mniej pestycydów niż ukraińscy czy zachodnioeuropejscy?",FR
"Panowie, przed chwilą słuchaliśmy mieszkańców, przed chwilą słuchaliśmy włodarzy Warszawy.",NF
"Zdarza się tak, że jeden ze współmałżonków umiera.",NF
Adna jeszcze osoba nie została wywłaszczona.,FR
"W ogóle nie macie pojęcia, na czym to polega.",NF
Efektu zdrowotnego dla warszawianek i warszawiaków nie będzie.,NF
"Tę kwestię badała spółka i według ankiety, którą przeprowadzili, ponad 60 procent mieszkańców akceptuje taką możliwość.",FNR
To się nie wydarzyło.,FR
"Panowie, nie, ja bardzo przepraszam.",NF
"W tej kadencji, zbliżającej się kadencji, nowej kadencji, chcemy pozyskać 2000 mieszkań komunalnych, takich, które będą właśnie dla osób najbardziej potrzebujących, ale także co bardzo ważne, dla młodych rodzin.",NF
Tam niestety te sprawy idą trochę wolniej.,NF
"Należy też zadbać o to, żeby z Polski nie wyjeżdżało nieprzetworzone drewno, bo to uderza w polską branżę drzewną i przemysł meblarski, a to ważna branża eksportowa.",FNR
Nia Matyszak z partii Razem jest dzisiaj gościem na sprawy.,NF
"W 2015 przez Sejm przeszła kolejna ustawa z poparcie PO-PSL i SLD, w której napisano, że tu cytat, że lasy stanowiące własność państwa mogą być zbywane wyłącznie w przypadkach określonych ustawą w celu zachowania trwale zrównoważonej gospodarki leśnej lub realizacji celu publicznego.",FR
"Ale też żeby usłyszeć tą obronę spekulacji, bo ja mam pytanie, bo może nie wiem, na czym spekulacja polega, ale to mógłbyś wytłumaczyć widzom.",NF
Radnymi nie powinni być wyłącznie starsi Panowie!,NF
Lewica to ekipa ludzi do zadań specjalnych.,NF
"Więc może tego uczucia już nie być, może tych emocji przyjemnych między sobą nie być, a są pewne ograniczenia instytucjonalne, które sprawiają, że razem trzeba jechać na tym samym wózku.",NF
I żaden agent Putina i żaden Orban ani Salvini nie będzie ucztował z polskim premierem w warszawskich Łazienkach.,NF
"Grzegorz Braun, jeśli się nie mylę, jest po pięćdziesiątce.",FNR
"Był taki moment, że było około 120 w rządzie PiS parę lat temu.",FR
"Największy posiada oficjalnie 600 tys. ha, nieoficjalnie uprawia jeszcze między 300 a 400 tys. ha.",FR
Był pan premierem polskiej biedy i bezrobocia.,NF
"Nie macie zielonego pojęcia, jakie to jest trudne, jakie to jest kapitałochłonne.",NF
Możemy robić debatę ze wszystkimi mediami.,NF
"Ale jeżeli mówimy o wyprzedaży, to przecież prezes Obajtek oddał pół rafinerii Gdańskiej firmie z Arabii Saudyjskiej.",FR
"W sytuacjach, kiedy życie jest naprawdę ileść dzieci umiera i to jest jasne.",NF
"To nie są pieniądze, które leżą na ulicy.",NF
"Na pewno warto przeprowadzić uczciwe, szerokie konsultacje.",NF
"No dobrze, a jeżeli trzeba będzie później te pieniądze oddać, ponieważ nie rozliczyliśmy się w czasie z tych pieniędzy, bo nie zakończyliśmy projektu do 2028 roku?",NF
"Uczył się, pracował, rozwijał, zarobił pieniądze, potem je zainwestował.",NF
"Nie, to znaczy są ludzie, którzy nie mogą sobie założyć rodziny, zdecydować się na dziecko.",FNR
"To jest, bo jeszcze mam tylko jedno zdanie, bo mamy takie poczucie, jakby były niemożliwe rzeczy, które dzieją się najczęściej ludzie się nie wyprowadzają w krajach skrajnie wolnorynkowych najwcześniej z domów, tylko w Skandynawii.",FR
"Chciałby go pan reedukować, tam wytłumaczyć mu, ""Grzesiu, słuchaj, to się tak nie robi"".",NF
"Zaczęło się od krytyki tego, co tak naprawdę jest wyssaną z palca aferą, a fakty są takie, że to ja na Radzie Europejskiej postawiłem twarde weto przeciw nielegalnej imigracji i tam na Radzie dowiedziałem się również, że Donald Tusk ma obiecane stanowisko.",FR
"Teraz wybuchła ogólnopolska afera związana z działalnością Collegium Humanum i wydawaniem wręcz hurtowo dyplomów MBA, co do których jakości, wartości i tego czy one rzeczywiście były poprzedzone jakąkolwiek nauką nie możemy mieć pewności.",FR
"No, ale jeżeli ktoś zechce, to sobie kupi ten alkohol wcześniej, to?",NF
"Nasze miasto to jeden z niewielu przykładów w Polsce, gdzie liczba mieszkańców nieustająco rośnie.",FR
"Przemoc seksualna urosła o 167%, zanotowano 1758 przypadków.",FR
"Szanowni Państwo, fakty są takie, że to rząd Donalda Tuska podniósł wiek emerytalny, a nasz rząd obniżył wiek emerytalny.",FR
"Kiedy były kwoty, Ukraina mogła do Unii wprowadzać rocznie tam 20 kilka tysięcy ton cukru.",FR
"I ci, i ci to tak naprawdę głos na Tuska.",FNR
"Dzisiaj dyskutujemy o czymś, czego tak naprawdę nie ma.",FNR
Czy na przykład nasze sieci przesyłowe są dostosowane do tego typu inwestycji.,NF
Przez to Warszawa ma najtańsze parkowanie w centrum miasta ze wszystkich dużych miast w Polsce.,FR
"Bo plany miejscowe, gdzie, które zakładają wycięcie zieleni, postawienie wielkich wieżowców, na przykład Gocław lotnisko, to jest kuriozum proponowane niestety przez miasto.",FR
"A w tej chwili prawdopodobnie jest tak, że pieniądze nie znoszą próżni i jeśli w okresie międzywojennym możecie sobie zgadnąć, 70% 80% wydatków domowych to była żywność, a w tej chwili to jest gdzieś około 29%, to reszta kapitału musi być gdzieś wydana.",FNR
"Nie będzie też Sienkiewicza, Prusa ani Słowackiego.",FR
"Dopadło, ja mam jedno akurat, ale rozumiem, że łącznie jako małżeństwo, mamy w tym momencie dwa.",NF
"Cały świat poszukuje sprzętu, takiego jak respiratory i maseczki.",FNR
"I porównując, na przykład, dwa kraje, Hiszpanię i Polskę, która zaczynała z tego samego poziomu, pomimo dyktatur, to powodowało, że efektywność tych rzeczy, które zakładacie, była bardzo niska.",FR
"Ja chciałam przytoczyć pewne badania, ponieważ 81 proc. Europejczyków chce wspólnej polityki obrony i bezpieczeństwa.",FR
"Jak się pan zastanawia, to do jakich wniosków dochodzi?",NF
"Teraz mamy sygnały, że kolejny jakiś wielki, od dziesięcioleci śpiący wulkan na Syberii, nie wykluczone, że uaktywni się.",FNR
Trudno jest im związać koniec z końcem.,NF
"Ja oceniam te pięć lat bardzo pozytywnie, to był bardzo twórczy okres, chociaż wpadliśmy w trzy wielkie plagi: pierwsza to pandemia covid, druga to wojna na Ukrainie i napływ ofiar tej agresji i ci uchodźcy zostali tutaj do nas przez nas przygarnięci, pracują we Wrocławiu.",NF
Jeszcze jakoś się to nie wydarzyło.,FR
"Ja polecam się przejść na Wyspę Spichrzów w Gdańsku czy we Wrocławiu, ale też w Warszawie też są takie osiedla, które są praktycznie puste, bo ludzie kupują mieszkania, nie wykańczają nawet tych mieszkań, bo sama aprecjacja wartości tej nieruchomości doskonale wystarczy.",FR
Ale przecież te 40% marży dewelopera i tak wraca do gospodarki w jakichkolwiek innych wydatkach.,FR
"A może warto byłoby taką strefę czystego transportu ograniczyć, zmniejszyć na początek.",NF
Czy że rzeczywiście ten problem też bezpieczeństwa w wielu dzielnicach jest przez to nabrzmiały.,FNR
"Jeszcze oś zachodnia, obwodnica, Leśnica i dojazd do lotniska to są takie najważniejsze rzeczy.",NF
"Głęboko się nie zgadzam z tym, co tam się wydarzyło, to nie było tylko złe, niewłaściwe, to jeszcze było też szkodliwe.",NF
"My, jeśli chodzi o handel ogólny, mamy dodatnie saldo na poziomie 6 mld euro .",FR
"Każdy lekarz, każda osoba zajmująca się zdrowiem publicznym w Polsce może to potwierdzić, że nadmierne spożycie alkoholu w Polsce jest gigantycznym czynnikiem ryzyka zdrowotnego.",FR
"Ale jakby paroma tezami tutaj, bo rzeczywiście kapitalizm w ekstremalnej swojej formie będzie dążył do akumulacji i będzie powodował, że najbogatsi będą korzystać z samego kapitału, czyli żyć z odsetek od odsetek, jak się mówi.",FNR
"Ebyśmy mieli świadomość, bo jest ta umowa najmu okazjonalnego, więc żadne prawo ochrony lokatorów wtedy nie obowiązuje.",FNR
"KRZYSZTOF MAJ, BEZPARTYJNI SAMORZĄDOWCY: Ja mam taki apel do premierów Donalda Tuska i Mateusza Morawieckiego – żeby zacząć budować zgodę na temat bezpieczeństwa, by pan Donald Tusk powstrzymał posłów z niebieską siatką na granicy, by premier przestał wykorzystywać ten spór.",FNR
"Nie stać nas na to, czy pan nie przesadza ze słowem 'zabić'?",NF
Tam jest 2 mld zł zadłużenia miasta.,FR
Może tutaj pani pochwali obecny rząd?,NF
"To też historyczna zmiana, pierwsza kobieta wojewoda pomorska jest z nami.",NF
"Pamiętam harce jednego z posłów Platformy, który protestował przeciwko barierze.",FNR
"Te efekty widać w powietrzu, coraz bardziej czyste jest powietrze w Oświęcimiu.",FR
"Regulacje, które planuje Unia Europejska są absurdalne i czas zacząć krzyczeć, że Unia Europejska skręca w ślepą uliczkę o nazwie Ulica Niewolników.",NF
Prezydent i do tej pory żaden publiczny projekt budowania.,FNR
"Agencja Środowiska plus Rada Naukowa powiedziała, że nie damy radę z 55 do 2030.",FR
"Bez względu na to, o jaką partię chodziło.",FNR
Należy także zwrócić uwagę na inne spółki o znaczeniu strategicznym.,NF
"Wiem, że dostał pan wazon ze złotem i srebrem od Putina w 2010 roku.",FNR
"No bo po co polskie dzieci mają się uczyć o tym, jak powstało państwo Mieszka Pierwszego, państwa Polan.",NF
"I co zrobił, kiedy doszedł do władzy?",NF
Wynika tak z propozycji zmian programowych nauczania historii w szkołach podstawowych.,FR
"W tej kadencji wybudowano we Wrocławiu ponad 7,5 tys. nowych miejsc przedszkolnych oraz żłobkowych.",FR
Dziś Polska nie jest równo rozwinięta.,FNR
"Więc protestują wszyscy, a to jest dopiero pierwszy krok, bo jeżeli jest ten cel, żeby do 2050 być neutralnym klimatycznie, a do 2040 obniżyć emisje CO2 o 90%, to trzeba będzie po drodze zabić rolnictwo, trzeba będzie zwiększyć koszty życia, remontować domy, mieszkania.",FR
"Po prostu na pewnym etapie, na trzy dni przed złożeniem tych wniosków, jeszcze one były niekompletne, na dzień przed spływały jeszcze bądź były zmieniane z zakresu 30%.",FNR
"Dziękuję pani marszałek senatu, trzeciej osobie w państwie.",NF
"Deweloperzy szczególnie odczuwają to, że ceny materiałów budowlanych spadają.",FR
"Chcę powiedzieć, że po wygranych wyborach będę pilnował, żeby nikomu do głowy nie przyszło podwyższanie wieku emerytalnego.",NF
Spółka złożyła wniosek o pół miliarda euro środków z tego instrumentu.,FR
"Ten model rynkowy, coraz bardziej spekulacyjny, w którym, w tym momencie, ponad połowa mieszkań jest kupowanych nie w celu mieszkania w nich przez osoby, które je kupują.",FR
"Nasze miasto, według niezależnych rankingów, jest czwartym miastem w Europie pod względem jakości życia i to ocenianym przez samych mieszkańców.",FR
"Zostało kupione, nabyte przez spółkę, o ile dobrze pamiętam, 1 200 albo 1 300 ha, w sumie z 8 tys., które zaplanowane było zarówno na lotnisko, jak i na inwestycje towarzyszące.",FR
"Więc jeśli możemy taką prohibicją zdjąć im część tego ciężaru, to to jest tylko doskonała wiadomość dla nas wszystkich.",NF
"Chciałbym powiedzieć, że budowanie takiego obrazu, że jak kogoś stać na kupienie sobie drugiego albo trzeciego mieszkania, to na pewno jest nierobem, który nic nie robi, to nie.",NF
"W takim przedszkolu byłem na dniach otwartych teraz na Złotnikach, na Dębickiej wybudowaliśmy przedszkole.",FNR
Zajmuje również 1. miejsce pod względem udziału terenów zieleni w ogólnej powierzchni miasta.,FR
"Są badania, które pokazują, że młodzi Polacy – ci w szkołach podstawowych – zdecydowanie bardziej rozwijają swoje kompetencje cyfrowe dzięki Laboratoriom Przyszłości.",FR
"No, jest rzeczywiście rzeczą kuriozalną, że w Warszawie jest sześć razy więcej sklepów monopolowych niż w całej Szwecji.",FR
"Na szczęście nie musiałem się nad tym zastanawiać, byłem wielkim zwolennikiem zawieszenia Grzegorza Brauna.",NF
"Oczywiście w tej strefie, bo to też jest bardzo często pomijane, dojście do tego pełnego zakazu jest w kilkunastu krokach.",FNR
"Takie najważniejsze moje osiągnięcia w poprzedniej kadencji rady miejskiej to przede wszystkim doprowadzenie do tego, że nie 70-, tylko 65-latkowie, we Wrocławiu, jeżdżą komunikacją miejską bezpłatnie.",FR
"Oczywiście było planowane, natomiast myśmy to zrobili, to się udało.",FNR
A transport publiczny dla naszych dzieciaków będzie po prostu darmowy.,FNR
"W ciągu 4 lat kadencji wybudowano mniej niż 1 000 mieszkań, łącznie czynszowych i komunalnych.",FR
"O tym, czy, wie pan, ileś lat temu, cztery, pięć już prawie, pojechałem do Grzegorza Brauna zaprosić go do Konfederacji.",FNR
"Tak, bo oczywiście mówimy tutaj o prohibicji nocnej, przede wszystkim, czyli ograniczenie działalności sklepów z alkoholem.",FNR
"Więc po co wprowadzać rozwiązanie, które zostało już sprawdzone kilkukrotnie i nigdy nie zadziałało?",NF
"Co ciekawsze, w tym momencie te nieruchomości, które są własnością spółki, powinny być pilnowane, żeby nie doszło do żadnego ewentualnego jakiegoś nieszczęścia.",NF
Pierwsza grupa postulatów to postulaty dla wspólnoty.,FNR
"Wtedy z całą pewnością mieliśmy synergię naszych elektoratów, mieliśmy synergię naszych działań, i musimy się wspólnie zastanowić, czy ona dalej istnieje.",FNR
"Ja rozumiem, ale to jest zupełnie inny moment rozwoju społeczności.",NF
"Ale panowie, dobrze, bo ja zadałem pewne pytanie i panowie poszli zupełnie w inną stronę.",NF
"Więc krytykowanie dzisiaj, że ktoś będzie jeździł do centrum za pomocą metra dłużej niż dzisiaj jeździ autobusem i dłużej niż jeździłby tramwajem, który został wycięty z listy inwestycji, no, nie.",FNR
"Czyli my drugie pół mięsa wieprzowego musimy kupować, chociażby z Hiszpanii .",FR
Rozpoczęliśmy już przygotowanie do projektu przedłużenia Drogi Królewskiej.,FNR
"Ale wracając, państwo powinno interweniować tylko w kilku warunkach.",NF
"No to co z tą prohibicją w nocy, wprowadzamy czy nie?",NF
W tej chwili tego drewna niestety brakuje.,FR
"Czy w interesie polskim działały służby specjalne, podsłuchując, jak pisze Onet, pana prezesa Obajtka i nagrywając rozmowy telefoniczne?",NF
A lasy trzeba chronić lasy trzeba chronić.,NF
"Nie macie zielonego pojęcia, jak to działa.",NF
"No, dlatego znowu wracamy do tego, że najważniejsze jest zdanie mieszkańców, ale też w pewien sposób dostrzeżenie tego problemu całościowo.",NF
"Zostało kupione, o ile dobrze pamiętam, 1200 albo 1300 hektarów w sumie z 8 tysięcy, które za tak jakby zaplanowane było zarówno na lotnisko jak na inwestycje towarzyszące.",FR
"MATEUSZ MORAWIECKI, ZJEDNOCZONA PRAWICA: Zacznę od takiego pytania do Donalda Tuska.",NF
Ale w takim Szydłowcu na przykład 20% i z tym też coś trzeba zrobić.,FNR
"Po to, żeby ona znowu zaczęła służyć mieszkańcom, a nie, żeby mieszkańcom narzucała swoje rozwiązania, które zwykle są chybione, bo są to pewnego rodzaju eksperymenty.",FNR
"I tu się akurat zgadzam z aktywistami miejskimi, że rzeczywiście i dla bezpieczeństwa, też sam tego doświadczyłem.",NF
"W Toruniu wtedy byłem, a na klubie nie głosujemy zdalnie.",FNR
"I też, powiedzmy sobie uczciwie, że ten okres przejściowy będzie powodował to, że część tych samochodów, które dzisiaj jeszcze nie kwalifikują się do tego, żeby do tej strefy wjechać za te kilka lat, kiedy już faktycznie nie będą mogły wjechać, będą miały kilkanaście lat i pewnie zostaną już przez właścicieli wymienione, dlatego że nie ma tutaj ucieczki.",FNR
"Nie powinno to też tak wyglądać, i taka rozbuchana administracja też mam poczucie, że niczemu dobremu nie służy.",NF
"My tą pigułkę czy tam tabletkę dzień po, która może być szkodliwa dla organizmu, tak, która nie była badana, na 15-16 latkę, która według producenta nie powinna być zażywana przez ludzi poniżej 18 roku życia, nagle polskie państwo mówi 15-latkom, jedzcie, możecie, nie ograniczajcie się.",FR
"Mam nadzieję, że niebawem, mam nadzieję, że niebawem ruszy przebudowa jednego z obiektów, który właśnie we współpracy z panem marszałkiem będzie temu celowi służył.",NF
"Dziękuję wam za ten nieustający dialog, w którym właśnie z trzecim sektorem, z organizacjami pozarządowymi jesteśmy.",NF
"W momencie, gdy na Ukrainie mamy wojnę, gdy mamy taką wielką korupcję, to ten system jest systemem niebezpiecznym.",FR
"Polska potrzebuje uczciwej debaty na temat tego, skąd mają się wziąć pieniądze, za które będziemy otrzymywali emeryturę.",NF
"Wynika to z propozycji zmian programowych nauczania historii w szkołach podstawowych, z propozycji ministerstwa edukacji w nowym rządzie.",FR
"A może, żeby zachęcić mieszkańców do porzucenia samochodów, zostawienia tych samochodów w domach, może warto wprowadzić bezpłatną komunikację miejską?",NF
I teraz prezydent nie ma inwentaryzacji tego zasobu.,FNR
"Jest tutaj dwóch posłów, jest też Jan Śpiewak, działacz miejski i jest praktyk tego rynku.",NF
"A potem mają wymarłe centra, z turystykowanymi centrami miasta.",NF
"To nie jest kryzys, to jest rezultat działań państw europejskich.",FNR
One są o kilkaset złotych mniejsze niż 1 500 do wynagrodzenia zasadniczego.,FR
"Tak były, one były planowane i ten projekt alei Wielkiej Wyspy był planowany, panie redaktorze, już w Breslau, tylko że ani realizacja rozpoczęła się za poprzedniego prezydenta, ani w PRL-u, ani w okresie, kiedy urzędowali poprzedni prezydenci, nie zostało to wybudowane.",FR
Bo nie chcą mieć akurat tego autobusu tuż przed swoimi oknami.,NF
Co do migracji – to słowo oznacza dziś największy skandal.,NF
Dzisiaj deweloperzy mają czterdziestoprocentowe marże.,FR
Jeden zakładał tłumienie inflacji kosztem spowolnienia gospodarki i w konsekwencji wzrostu bezrobocia.,FR
"Od razu, strefa budżetowa – 20 proc.",NF
"My odzyskaliśmy bardzo wiele firm dla Polski, mamy niezależność energetyczną od Rosji, Baltic pipe.",FR
Oni się wtedy z nas śmiali .,FNR
"A my mamy lidera obozu rządzącego Kaczyńskiego, który ucieka od premierostwa i zasłania się Mateuszem Morawieckim, który uciekł z rządu po wybuchu wojny w Ukrainie, który tchórzliwie zrzuca winę na generałów, policjantów, którzy odpalają granatniki we własnych gabinetach.",FNR
Konsultacje społeczne w mieście stołecznym Warszawa nie tylko o tych konsultacjach.,NF
Przecież do Europy wjeżdża zboże rosyjskie.,FR
Zawsze to był prawnik.,FNR
"Zbudowało to w warunkach wojennych być może ustabilizowanie cen, bo to były ceny z 1914 roku, ale przez 5 lat budownictwo w Polsce było totalnie zaniedbane i dodatkowo rodziło się najwięcej dzieci pomimo takich braków mieszkaniowych.",FNR
"No dobrze, są takie badania różne z różnych stron, że połowa prawie Polaków mówi, żeby jednak zostawić te prace domowe.",FR
"Dlatego też ta strefa jest tak pomyślana, żebyśmy stopniowo dochodzili do standardów, które obowiązują, jak pan radny wspomniał, w miastach zachodnich.",FNR
"Dlatego, że to jest ograniczenie, które nie jest możliwe do wprowadzenia.",FNR
"Albo się temu przeciwstawimy, albo za niedługo obywatele wolnej i ponoć demokratycznej Europy będą aresztowani za hodowlę koperku na balkonie.",FR
"To nie jest model, o który nam chodzi.",NF
"No, w Warszawie limitów nie mamy, tylko i wyłącznie jeżeli chodzi o kawiarnie i bary.",FNR
"Tutaj pewnie przydałoby się tych, tych stanowisk zdecydowanie, zdecydowanie po prostu mniej.",NF
"To bardzo ważne, żebyśmy tę wspólnotę budowali takimi prostymi codziennymi działaniami, czynnościami, ale właśnie blisko mieszkańców.",NF
"Gdy myśmy rządzili, to tranzyt przez Polskę był konwojowany.",FR
"Okazało się, że również prognozy się myliły i jeździło tam więcej pasażerów niż zakładały prognozy.",FR
"Państwo powinno oferować wybór w tym, żeby była realna alternatywa dla rynku komercyjnego w postaci publicznego budownictwa.",NF
"No, już wielokrotnie było podejmowane taki trochę kuriozalny problem, że alkohol przede wszystkim w nocy można kupić gdzieś na stacjach benzynowych, do których w ogóle nie powinniśmy się zbliżać.",FNR
W tej chwili jest wstrzymany program.,FNR
"W zeszłym roku wprowadziła ok. 0,5 mln ton cukru.",FR
"Rozumiem, że zjada pan śniadanie nieco później niż o 7:00 rano?",NF
"Dziękuję parlamentarzystkom, dziękuję pani wojewodzie.",NF
Publiczne zawieszenie czy wyrzucenie?,NF
"W ciągu pierwszego miesiąca naszego rządzenia udało się podnieść wynagrodzenia nauczycieli w takim stopniu, jakim PiS-owi zajęło to 8 lat.",FR
"Jak wiemy, doświadczenia są z różnych miast Polski, przede wszystkim mamy te doświadczenia krakowskie, które jest miastem typowo turystycznym i ma też problem nie tylko z lokalnym problemem, ale też problem z zagranicznymi turystami i spożywaniem przez nich alkoholu.",FNR
"Przez 8 lat Orlen zarobił, między ’08 a ’15: 2 mld 900 mln.",FR
"Jeśli możemy tutaj przyczynić się do większego bezpieczeństwa i zdrowia publicznego, to my jako lewica to absolutnie popieramy.",NF
"Wreszcie, dziękuję moim bliskim, którzy tutaj dzisiaj są.",NF
Ale wtedy zboże na pewno w tranzycie przejeżdżało.,FR
"Pan prezydent dotychczasowy obiecał, że wkopie łopatę w trzecią linię.",FNR
"Ale ze względu na super szybkie transakcje, które dokonują się ze względu na to, że kapitalizm opiera się też na chciwości, może to jest inwestycja.",NF
"I powiem tak, wy w opinii specjalistów departamentu programów infrastrukturalnych w ministerstwie funduszy i polityki regionalnej, bo do tych specjalistów wszystkie polskie projekty, które są składane w kolejnych konkursach czy w kolejnych naborach, spływają oraz centrum unijnych programów transportowych.",FNR
Wtedy ceny mieszkań także na rynku komercyjnym będą niższe.,NF
"Dzisiaj w spółce jest prowadzona kontrola przez Najwyższą Izbę Kontroli tego projektu, tego programu, programu dobrowolnych nabyć, bo są wątpliwości co do wycen, choćby, że one zostały zaniżone.",FNR
"Myślę, że osoby, które robią to w sposób nie taki nadmierny, to będą mogły ograniczyć się właśnie do tej godziny 22, jak jest w proponowanym tutaj projekcie.",FNR
"Mówię nawet również o opozycji, o dzisiejszą koalicję.",NF
Bo chciałbym najpierw porozmawiać o państwie.,NF
"Ale najbardziej marzy mi się, żebym widziała aktywne gdańszczanki i aktywnych gdańszczan każdego dnia, zależnie od wieku.",NF
"Musimy sobie z Grzegorzem Braunem usiąść i zastanowić się, gdzie my chcemy być za rok, jakie mamy cele, jakie mamy ambicje, jakimi metodami chcemy je osiągnąć i zobaczyć, czy te cele, ambicje są ze sobą zbieżne, bo być może nie są.",NF
"Dziś protesty, w sobotę rozmowy z premierem.",FNR
"Natomiast, gdyby rzetelnie i szeroko przeprowadzić konsultacje społeczne, to jest najlepsza droga do podejmowania decyzji.",NF
"Co do elektrowni jądrowej, ciągle nie mamy określonej struktury własnościowej.",FR
Drugi wybrany przez opcję rządzącą zakładał ochronę miejsc pracy i wysokości dochodów pracowników kosztem wolniejszej redukcji inflacji.,FR
"Panie redaktorze, no przecież widzimy, że rząd co innego mówił w kampanii, a co innego robi teraz.",FNR
"Ale samorząd odpowiada za kreowanie polityki, po pierwsze, plany zagospodarowania przestrzennego, tam gdzie są mieszkania, gdzie są usługi, gdzie jest przemysł, gdzie są tereny zielone.",NF
"Chciałbym mieć tam działkę, że mnie tak wywłaszczali szczerze mówiąc.",NF
"Tak, natomiast czy z czym się zgadzam, że znowu wyszliśmy na wariatów?",NF
To jest ciężka i trudna praca obarczona sporym ryzykiem.,NF
"Nigdy nie byliśmy w jednej partii, czy nigdy nie byliśmy w jednym obozie politycznym, no nie było sposobności.",FR
"Nie powiedziałem, że będę go edukował albo reedukował, tylko że będę z nim rozmawiał.",FNR
Wnioski na dwa odcinki kolei dużych prędkości.,FNR
"Tak, tak odpowiada nasz gość, czekamy na państwa opinię, zapraszam na radio z.pl.",NF
"Złożyła na dwa projekty, czyli dokumentację na linię, Sieradz z Poznaniem, dokumentację projektową dla linii kolejowej Sieradz Poznań oraz dofinansowanie w wysokości 85% kosztów inwestycji budowy tunelu dużych prędkości kolei dużych prędkości.",FNR
Więc miasto tutaj też powinno się wsłuchać w te problemy.,NF
"Bardzo ważna linia, która pozwoli nam ominąć serce Gdańska i skrócić drogę.",NF
"90 nowych autobusów, które będą jeździły pomiędzy gminami sąsiadującymi terenu aglomeracji a Wrocławiem.",FNR
"Ja rozumiem, że konsultacje są konieczne, ale przede wszystkim przedstawić swoje pomysły na Oświęcim.",NF
No i teraz Grzegorz Braun został odwieszony.,FNR
"72,5% przypadków przemocy dotyczy kobiet.",FR
"Czy też uznać, że chcemy poszerzyć elektorat, a Grzegorz Braun go raczej nam zawęża i dlatego pozbądźmy się go?",NF
"Bo przypominam, że fetyszyzujemy metro, a tak naprawdę ponad połowa podróży w warszawskim transportie publicznym to są podróże autobusami.",FR
"Więc jest też system, który zachęca do tego, żeby tego samochodu do Warszawy nie zabierać.",FNR
"Dodatkowo, badania pokazują, i to nie tylko polskie, ale również międzynarodowe, pokazują dość jasno, że skutek prac domowych, jeśli chodzi o efekt kształcenia, wyników testów różnych międzynarodowych, jest znikomy.",FR
"Trzeba nagradzać tym pracujących, nie chcemy dawać danin do ręki.",NF
"No, nie możemy z dnia na dzień powiedzieć, że ludzie mają wyrzucić swoje samochody umownie do kosza i nie wjeżdżać do centrum.",NF
"Przy starszych dzieciach ten skutek jakiś już jest, w związku z tym dla szkół ponadpodstawowych sytuacja pozostaje bez zmian.",FR
"Dane osoby są sprawdzane pod najróżniejszym względem, także pod względem karalności.",FR
"W ramach Nowego Ładu, czyli tak naprawdę dzielonych pieniędzy przez Prawo i Sprawiedliwość, przez wojewodę, ale też powinni mieć na to wpływ lokalni politycy Prawa i Sprawiedliwości.",FNR
"Bo mamy chociażby budowane w tej chwili przez miasta ościennymi szereg parkingów park and ride przy stacjach kolejowych, tak aby ci ludzie, no, moja własna siostra mieszkająca pod Warszawą, codziennie zostawia swój samochód przy stacji kolejowej w Legionowie i przyjeżdża do Warszawy pociągiem.",FNR
Którą z tych koncepcji zamierzają Państwo realizować w nadchodzącej kadencji?,NF
"Myśmy przeznaczyli w zeszłym roku ponad 10 miliardów, a w sumie 15 miliardów i w tej chwili do czerwca jest jeszcze możliwość skorzystania z tego mechanizmu, oczywiście ze środków krajowych, ale z mechanizmu wojennego, tak zwanego.",FR
"Co ciekawsze, powinna się nie powinna tego robić.",NF
Polscy rolnicy stosują znacznie mniej pestycydów niż ukraińscy czy zachodnioeuropejscy.,FR
"Otóż budżet wszystkich państw europejskich, Unii Europejskiej, na obronność jest, nawet nie sięga połowy budżetu Stanów Zjednoczonych przeznaczonych na obronność.",FR
"Ukraina produkuje ponad 60 mln ton, z tego połowa to jest kukurydza.",FR
Przy czym jest to takie zjawisko przy młodszych dzieciach.,FR
"Wcześniej ekonomiści spodziewali się, że rząd przedłuży obowiązywanie zerowej stawki o kolejny kwartał z powodu wyborów samorządowych, ponieważ pierwsza tura wyborów wypada 7 kwietnia.",FNR
"Tak chyba też się zgodzimy, mam nadzieję, że tutaj Polska liberalna wyższe niż podatki od kapitału no jest czymś absolutnie skandalicznym ale też popieram obniżenie opodatkowania pracy poniżej obecnego.",NF
"Przez 8 lat PiS podniósł wynagrodzenia nauczycieli o tyle, o ile my podnosimy w trakcie pierwszego miesiąca.",FR
Lewica głosowała przeciw podniesieniu wieku emerytalnego.,FR
Tutaj się zgadzam z za wprowadzeniem takiej prohibicji.,NF
"No i o tych pomysłach na Warszawę już teraz porozmawiamy, bo jednym z takich pomysłów jest, na przykład, nocna prohibicja, czyli zakaz sprzedaży alkoholu w nocy.",NF
"I to gaśnica, znaczy samo gaszenie świec hanukowych to jedno, ale on tą gaśnicą potraktował również panią, tak jak to widzieliśmy.",FR
"Mi się wydaje, że zamiast tych ideologicznych zakazów powinno się rzeczywiście dbać o kliny napowietrzające, żeby były w planach zagospodarowania przestrzennego, o więcej terenów zielonych, o ścieżki rowerowe, o zlikwidowanie kopciuchów.",NF
"Wiemy, że w Warszawie nie zawsze wygląda to tak kolorowo, chociażby kwestie pewnych ideologicznych projektów, walki z kierowcami i przeprowadzanie wokół nich dyskusji, chociażby wokół strefy czystego transportu, czyli strefy wykluczenia komunikacyjnego.",NF
To jest fejk.,FR
"Natomiast jeżeli chodzi o kwestie finansowe, bezpieczeństwo samych inwestorów - jest to poza nami.",FR
Jeśli mamy erupcję wulkanu i jest dużo więcej tej emisji niż z całego przemysłu.,FR
"Fajne było to, że rodzice, dzieci, mieszkańcy korzystali też z tej infrastruktury zewnętrznej, sportowej, przyszkolnej, bo też o to chodzi.",FNR
"Więc oczywiście jest to kwestia też dyskusji na temat ilości zezwoleń, które miasto może wydawać.",NF
"Teraz w TVP, ośmiu latach kłamstw na mój temat, dostałem 7 minut, które chcę wykorzystać, by powiedzieć prawdę.",FNR
Mówiła o tym także pięknie Bożena Rybicka Grzywaczewska.,NF
"Panie redaktorze, ale nie mam pojęcia z czego, radni koalicji obywatelskiej na sesji, na której głosowaliśmy tę strefę, zadbali o to, żeby została ona okrojona do absolutnego minimum.",FR
"W Warszawie, według spisu powszechnego, mamy 2000 pustostanów.",FR
"Dużo, ale dokładnej liczby nie znam.",NF
"Pan minister Domański, pan premier Tusk, przede wszystkim dodali pieniądze Kancelarii Premiera, czyli premierowi Tuskowi.",FR
"Po decyzji o składce zdrowotnej, której nie można odliczyć od podatku, polskie emerytki i emeryci dużo stracili.",FR
"Platforma rzeczywiście obiecywała to w kampanii, a wciąż mamy takie okolice, gdzie tych kopciuchów jest bardzo dużo i nie ma solidnego dofinansowania miasta.",FR
Podobno hodowanie szczypiorku w prywatnym ogródku czy na własnym balkonie jest szkodliwe dla planety i wpływa na ocieplenie klimatu.,FR
27% nie doczeka 65 lat i prawa do wypracowanej emerytury.,FR
"I co więcej, miasta bardzo chętnie to zachęcają do tego, tak, bo widzą w tym jakąś korzyść.",FNR
"No, po to wybieramy, panie redaktorze.",NF
"Patrzcie na lekcję, jaką daje nam dzisiaj Bliski Wschód.",NF
"Polska jest jedynym krajem, który nie może eksportować do krajów Unii Europejskiej, nie może wywozić ziemniaków.",FR
Więc możemy podpytać naszych kolegów samorządowców z innych miast i przede wszystkim zapytać o zdanie warszawiaków.,NF
"Przedsiębiorcy twierdzą, że czasem nie chcieliby odprowadzać składek lub odprowadzać niższe, bo sami o siebie zadbają.",FNR
"I znowu dostaję pytanie o to, żeby bronić rządu, w którym nie jestem.",NF
"Uważam więc, że to jest ogromna hipokryzja z ich strony.",NF
"Mało tego, Rzecznik Praw Obywatelskich także zwracał na to uwagę i też podkreśla to, że pushbacki, wypychanie ludzi poza granicę, jest niezgodne z prawem międzynarodowym, nie powinno mieć miejsca.",FR
Jakoś ceny mieszkań nie spadają.,FR
"Nie, ale zupełnie szczerze, nie, bo teraz jeżeli ktoś mówi dane w sposób tak naiwny i niemądry, to trzeba to jednak skontrować.",NF
W większości supermarketów w Polsce już nie kupimy innych jajek niż te z wolnego wybiegu.,FR
Więc — Trzecia Droga albo trzecia kadencja PiS.,NF
"Za rządów PiS-u kolejki zrobiły się jeszcze dłuższe, a do niektórych specjalistów wydłużyły się dwukrotnie.",FR
Przecież tramwaje się już właściwie nie wykolejają.,FR
"Oczywiście drzew i innych roślin przybywa więcej, ponieważ w zazielenianiu miasta aktywnie uczestniczą także firmy i osoby prywatne.",FNR
"Oni obiecywali, ale w tej chwili nie robią nic, nie tylko, że nie blokują, ale myślą o systemie, który będzie dla nas systemem niebezpiecznym dla polskiego rolnika.",FNR
O czym chciałby pan z nim rozmawiać?,NF
"Jeżeli są podstawy, niech nagrywają.",NF
Przy okazji walki z inflacją prezentowane były dwa sprzeczne poglądy.,FNR
"Jeżeli ktoś nie ma nic do ukrycia, nie powinien się buntować przeciwko nagrywaniu jego rozmów telefonicznych, na litość boską.",NF
"Pół tysiąca artylerii rakietowej Himars, czołgi Abrams, śmigłowce Apacz.",FNR
"Im więcej mieszkań, tym większe zahamowanie wzrostu cen.",FR
"Mówicie, że nie powinno się pracować do śmierci?",NF
"Jeżeli chcecie, żeby mieszkania były budowane dla milionów, a nie dla milionerów, głosujcie na lewicę.",NF
"Rząd zrobił z ministra Niedzielskiego super dyktatora gospodarczego, który jak postanowił to zamykał, a to gastronomię, turystykę, czy inne branże.",FNR
Wiek emerytalny jest jedną z kluczowych kwestii w polskim sporze politycznym.,NF
"A no właśnie, strefa czystego transportu, temat, który rozpala warszawiaków.",NF
Krótkoterminowy się pleni i wybija centra miast.,FNR
"Co się wtedy dzieje, prezydent wydaje warunki zabudowy, tak zwane WZki, takie postępowanie trwa czasami 7 lat.",FR
"Spółka powiedziała nikt nie chciał z nami współpracować, no więc stworzyła spółkę córkę do wycen, czyli tak naprawdę spółkę, która była podległa czy jest podległa spółce matce.",FR
"Tutaj trzeba wyremontować, włożyć jeszcze 10% wartości, żeby coś takiego zrobić.",FNR
"Jeśli Polacy będą chcieli, mogą dobrowolnie zostać dłużej na rynku pracy – rozwiązania zachęcające do tego powinny zostać wprowadzone.",NF
